<?xml version="1.0" encoding="ISO-8859-1"?>
<project name="swing_cbrcp" default="all">
  
  
  <property file="swing_cbrcp.properties"/>
  <!-- Uncomment the following property if no tests compilation is needed -->
  <!-- 
  <property name="skip.tests" value="true"/>
   -->
  
  <!-- Compiler options -->
  
  <property name="compiler.debug" value="on"/>
  <property name="compiler.generate.no.warnings" value="off"/>
  <property name="compiler.args" value=""/>
  <property name="compiler.max.memory" value="128m"/>
  <patternset id="ignored.files">
    <exclude name="**/CVS/**"/>
    <exclude name="**/SCCS/**"/>
    <exclude name="**/RCS/**"/>
    <exclude name="**/rcs/**"/>
    <exclude name="**/.DS_Store/**"/>
    <exclude name="**/.#*/**"/>
    <exclude name="**/.*/**"/>
    <exclude name="**/*.spp/**"/>
    <exclude name="**/*.ico/**"/>
    <exclude name="**/README/**"/>
    <exclude name="**/*.iml/**"/>
    <exclude name="**/*.*~/**"/>
    <exclude name="**/.svn/**"/>
    <exclude name="**/*.lnk/**"/>
    <exclude name="**/*.ipr/**"/>
    <exclude name="**/*.iws/**"/>
  </patternset>
  <patternset id="compiler.resources">
    <include name="**/?*.properties"/>
    <include name="**/?*.xml"/>
    <include name="**/?*.gif"/>
    <include name="**/?*.png"/>
    <include name="**/?*.jpeg"/>
    <include name="**/?*.jpg"/>
    <include name="**/?*.html"/>
    <include name="**/?*.dtd"/>
    <include name="**/?*.tld"/>
  </patternset>
  
  <!-- JDK definitions -->
  <path id="jdk.classpath.1.5_(1)">
    <fileset dir="${jdk.home.1.5_(1)}">
      <include name="jre/lib/charsets.jar"/>
      <include name="jre/lib/deploy.jar"/>
      <include name="jre/lib/javaws.jar"/>
      <include name="jre/lib/jce.jar"/>
      <include name="jre/lib/jsse.jar"/>
      <include name="jre/lib/plugin.jar"/>
      <include name="jre/lib/rt.jar"/>
      <include name="jre/lib/ext/dnsns.jar"/>
      <include name="jre/lib/ext/localedata.jar"/>
      <include name="jre/lib/ext/sunjce_provider.jar"/>
      <include name="jre/lib/ext/sunpkcs11.jar"/>
    </fileset>
  </path>
  
  <property name="project.jdk.home" value="${jdk.home.1.5_(1)}"/>
  <property name="project.jdk.classpath" value="jdk.classpath.1.5_(1)"/>
  
  
  <!-- Application Server Libraries -->
  
  <!-- Modules -->
  
  
  <!-- Module Swing CBRCP -->
  
  <dirname property="module.swing_cbrcp.basedir" file="${ant.file}"/>
  
  
  <property name="module.jdk.home.swing_cbrcp" value="${project.jdk.home}"/>
  <property name="module.jdk.classpath.swing_cbrcp" value="${project.jdk.classpath}"/>
  
  <property name="compiler.args.swing_cbrcp" value="${compiler.args}"/>
  
  <property name="swing_cbrcp.output.dir" value="${module.swing_cbrcp.basedir}/classes"/>
  <property name="swing_cbrcp.testoutput.dir" value="${module.swing_cbrcp.basedir}/classes"/>
  
  <path id="swing_cbrcp.module.bootclasspath">
    <!-- Paths to be included in compilation bootclasspath -->
  </path>
  
  <path id="swing_cbrcp.module.classpath">
    <path refid="${module.jdk.classpath.swing_cbrcp}"/>
    <pathelement location="${module.swing_cbrcp.basedir}/core-lib/picocontainer-1.2.jar"/>
    <pathelement location="${module.swing_cbrcp.basedir}/core-lib/looks-1.3.2.jar"/>
    <pathelement location="${module.swing_cbrcp.basedir}/core-lib/picocontainer-gems-1.2.jar"/>
    <pathelement location="${module.swing_cbrcp.basedir}/core-lib/proxytoys-0.2.1.jar"/>
    <pathelement location="${module.swing_cbrcp.basedir}/core-lib/kunststoff-2.0.2.jar"/>
    <pathelement location="${module.swing_cbrcp.basedir}/core-lib/tablelayout-2005-09-20.jar"/>
    <pathelement location="${module.swing_cbrcp.basedir}/core-lib/nanocontainer-1.0.jar"/>
    <pathelement location="${module.swing_cbrcp.basedir}/core-lib/skinlf-1.2.12-20051009.jar"/>
  </path>
  
  
  <patternset id="excluded.from.module.swing_cbrcp">
    <patternset refid="ignored.files"/>
  </patternset>
  
  <patternset id="excluded.from.compilation.swing_cbrcp">
    <patternset refid="excluded.from.module.swing_cbrcp"/>
  </patternset>
  
  <path id="swing_cbrcp.module.sourcepath">
    <dirset dir="${module.swing_cbrcp.basedir}">
      <include name="src"/>
    </dirset>
  </path>
  
  
  <target name="compile.module.swing_cbrcp" depends="compile.module.swing_cbrcp.production,compile.module.swing_cbrcp.tests" description="compile module(s) Swing CBRCP"/>
  
  <target name="compile.module.swing_cbrcp.production" description="compile module(s) Swing CBRCP production classes">
    <mkdir dir="${swing_cbrcp.output.dir}"/>
    <javac destdir="${swing_cbrcp.output.dir}" debug="${compiler.debug}" nowarn="${compiler.generate.no.warnings}" memoryMaximumSize="${compiler.max.memory}" fork="true" executable="${module.jdk.home.swing_cbrcp}/bin/javac">
      <compilerarg line="${compiler.args.swing_cbrcp}"/>
      <bootclasspath refid="swing_cbrcp.module.bootclasspath"/>
      <classpath refid="swing_cbrcp.module.classpath"/>
      <src refid="swing_cbrcp.module.sourcepath"/>
    </javac>
    
    <copy todir="${swing_cbrcp.output.dir}">
      <fileset dir="${module.swing_cbrcp.basedir}/src">
        <patternset refid="compiler.resources"/>
        <type type="file"/>
      </fileset>
    </copy>
  </target>
  
  <target name="compile.module.swing_cbrcp.tests" depends="compile.module.swing_cbrcp.production" description="compile module(s) Swing CBRCP test classes" unless="skip.tests"/>
  
  <target name="clean.module.swing_cbrcp" description="cleanup module">
    <delete dir="${swing_cbrcp.output.dir}"/>
    <delete dir="${swing_cbrcp.testoutput.dir}"/>
  </target>
  
  <target name="init" description="Build initialization">
    <!-- Perform any build initialization in this target -->
  </target>
  
  <target name="clean" depends="clean.module.swing_cbrcp" description="cleanup all"/>
  
  <target name="all" depends="init, clean, compile.module.swing_cbrcp" description="build all"/>
</project>