<?xml version="1.0" encoding="UTF-8"?>

<project>
    <extend>${basedir}/../project.xml</extend>
    <groupId>nanocontainer</groupId>
    <id>nanocontainer-remoting</id>
    <name>nanocontainer-remoting</name>
    <currentVersion>1.0-beta-1-SNAPSHOT</currentVersion>

    <dependencies>
    
        <dependency>
            <id>picocontainer</id>
            <version>1.0-RC-1-SNAPSHOT</version>
            <url>http://www.picocontainer.org/</url>
        </dependency>    

        <dependency>
            <groupId>nanocontainer</groupId>
            <artifactId>nanocontainer-multicast</artifactId>
            <version>1.0-beta-1-SNAPSHOT</version>
        </dependency>

        <dependency>
            <groupId>cglib</groupId>
            <artifactId>cglib-full</artifactId>
            <version>2.0</version>
        </dependency>

    </dependencies>

</project>
