<?xml version="1.0" encoding="UTF-8"?>

<project>
  <extend>${basedir}/../project.xml</extend>
  <id>picocontainer-servlet</id>
  <name>picocontainer-servlet</name>

  <dependencies>
<!--    <dependency>
      <groupId>${pom.groupId}</groupId>
      <artifactId>picocontainer-testmodel</artifactId>
      <version>${pom.currentVersion}</version> 
    </dependency> -->

    <dependency>
      <groupId>${pom.groupId}</groupId>
      <artifactId>picocontainer-reflection</artifactId>
      <version>${pom.currentVersion}</version>
    </dependency>

    <dependency>
      <groupId>${pom.groupId}</groupId>
      <artifactId>picocontainer-xml</artifactId>
      <version>${pom.currentVersion}</version>
    </dependency>

      <dependency>
          <id>servletapi</id>
          <version>2.3</version>
      </dependency>

      <dependency>
          <groupId>mockobjects</groupId>
          <artifactId>mockobjects-core</artifactId>
          <version>0.09</version>
      </dependency>

     </dependencies>

</project>
