<?xml version="1.0" encoding="UTF-8"?>

<project>
    <extend>${basedir}/../project.xml</extend>
    <groupId>nanocontainer</groupId>
    <id>nanocontainer-dynaop</id>
    <name>nanocontainer-dynaop</name>

    <dependencies>

        <dependency>
            <id>picocontainer</id>
            <version>1.0-final-SNAPSHOT</version>
            <url>http://www.picocontainer.org/</url>
        </dependency>

        <dependency>
            <groupId>cglib</groupId>
            <artifactId>cglib-asm</artifactId>
            <version>1.0</version>
        </dependency>

        <dependency>
            <id>bsh</id>
            <version>2.0b1</version>
        </dependency>

        <dependency>
          <id>dynaop</id>
          <version>1.0-beta</version>
        </dependency>

        <dependency>
          <id>jakarta-oro</id>
          <version>2.0.7</version>
        </dependency>

        <dependency>
          <id>nanocontainer</id>
          <version>1.0-beta-1-SNAPSHOT</version>
        </dependency>

        <dependency>
            <id>groovy</id>
            <version>1.0-beta-4</version>
        </dependency>

        <dependency>
            <id>asm</id>
            <version>1.4.1</version>
        </dependency>

        <dependency>
            <id>commons-logging</id>
            <version>1.0.3</version>
            <url>http://jakarta.apache.org/commons/logging.html</url>
        </dependency>

        <dependency>
            <id>log4j</id>
            <version>1.2.8</version>
        </dependency>

        <dependency>
            <groupId>spice</groupId>
            <artifactId>spice-cli</artifactId>
            <version>1.0</version>
        </dependency>

        <dependency>
            <id>bsh</id>
            <version>1.2b7</version>
        </dependency>

        <!-- test time only -->
        <dependency>
            <id>junit</id>
            <version>3.8.1</version>
        </dependency>

        <dependency>
            <id>jmock</id>
            <version>1.0.0.RC1</version>
        </dependency>

    </dependencies>

</project>
