<project>
    <extend>${basedir}/../project.xml</extend>
    <id>nanocontainer-hibernate3</id>
    <name>nanocontainer-hibernate3</name>
    <dependencies>
        <dependency>
            <groupId>picocontainer</groupId>
            <artifactId>picocontainer</artifactId>
            <version>${picocontainer.version}</version>
            <url>http://www.picocontainer.org/</url>
        </dependency>
        <dependency>
            <groupId>picocontainer</groupId>
            <artifactId>picocontainer-tck</artifactId>
            <version>${picocontainer.version}</version>
            <url>http://www.picocontainer.org/</url>
        </dependency>
        <dependency>
            <groupId>jmock</groupId>
            <artifactId>jmock</artifactId>
            <version>1.0.1</version>
        </dependency>
        <!--
            hibernate likes those
        -->
        <dependency>
            <groupId>hibernate</groupId>
            <artifactId>hibernate</artifactId>
            <version>3.0-rc1</version>
        </dependency>
        <dependency>
            <id>commons-logging</id>
            <version>1.0.4</version>
        </dependency>
        <dependency>
            <id>dom4j</id>
            <version>1.4</version>
        </dependency>
        <dependency>
            <id>ehcache</id>
            <version>0.7</version>
        </dependency>
        <dependency>
            <groupId>cglib</groupId>
            <artifactId>cglib-full</artifactId>
            <version>2.0</version>
        </dependency>
        <dependency>
            <id>commons-collections</id>
            <version>3.1</version>
        </dependency>
        <dependency>
            <id>hsqldb</id>
            <version>1.7.3.0</version>
        </dependency>
        <dependency>
            <groupId>geronimo-spec</groupId>
            <artifactId>geronimo-spec-jta</artifactId>
            <version>1.0.1B-rc2</version>
        </dependency>
        <dependency>
            <id>xml-apis</id>
            <version>1.0.b2</version>
        </dependency>
    </dependencies>
</project>
