<?xml version="1.0" encoding="UTF-8"?>

<project>
    <extend>${basedir}/../project.xml</extend>
    <id>nanocontainer-webwork21</id>
    <name>nanocontainer-webwork21</name>

    <dependencies>

        <dependency>
            <id>servletapi</id>
            <version>2.3</version>
        </dependency>

        <dependency>
            <groupId>nanocontainer</groupId>
            <artifactId>nanocontainer</artifactId>
            <version>${pom.currentVersion}</version>
        </dependency>

        <dependency>
            <groupId>nanocontainer</groupId>
            <artifactId>nanocontainer-servlet</artifactId>
            <version>${pom.currentVersion}</version>
        </dependency>

        <dependency>
            <groupId>opensymphony</groupId>
            <artifactId>xwork</artifactId>
            <version>1.0.1</version>
        </dependency>

        <dependency>
            <groupId>opensymphony</groupId>
            <artifactId>webwork</artifactId>
            <version>2.1</version>
        </dependency>

    </dependencies>

</project>
