<?xml version="1.0" encoding="UTF-8"?><!DOCTYPE container SYSTEM "D:\UNI\PROJEKT Swing CBRCP\container-config\nanocontainer-xml-1_0.dtd"><container> <!--component-instance-factory="cbrcp.container.CBRCPBeanComponentInstanceFactory" component-adapter-factory="cbrcp.container.CBRCPHotSwappingComponentAdapterFactory"-->    <component-adapter-factory key="CBRCPFactory" class="org.picocontainer.defaults.CachingComponentAdapterFactory">        <component-adapter-factory class="org.picocontainer.gems.adapters.HotSwappingComponentAdapterFactory">            <component-adapter-factory class="org.picocontainer.defaults.ConstructorInjectionComponentAdapterFactory" />        </component-adapter-factory>    </component-adapter-factory>    <!--component-adapter-factory key="CBRCPFactory" class="cbrcp.container.CBRCPHotSwappingComponentAdapterFactory"/-->	<container>			<component-adapter class-name-key="cbrcp.component.lookandfeel.LookAndFeelManagerComponent" class="cbrcp.component.lookandfeel.LookAndFeelManagerComponentImpl" factory="CBRCPFactory">			<parameter key="cbrcp.component.frame.FrameComponent">				<class>cbrcp.component.frame.FrameComponentImpl</class>			</parameter>        			<parameter key="cbrcp.component.config.ConfigComponent">				<class>cbrcp.component.config.ConfigComponentImpl</class>			</parameter>			<parameter>				<string>./component-config/lookandfeel-component.properties</string>			</parameter>		</component-adapter>			<component-implementation key="cbrcp.component.statusbar.StatusBarComponent" class="cbrcp.component.statusbar.StatusBarComponentImpl">			<parameter>				<string>./component-config/statusbar-component.properties</string>			</parameter>		</component-implementation>			<component-implementation key="cbrcp.component.menubar.MenuBarComponent" class="cbrcp.component.menubar.MenuBarComponentImpl">			<parameter>				<string>./component-config/menubar-component.properties</string>			</parameter>		</component-implementation>			<component-implementation key="cbrcp.component.toolbar.ToolBarComponent" class="cbrcp.component.toolbar.ToolBarComponentImpl">			<parameter>				<string>./component-config/toolbar-component.properties</string>			</parameter>		</component-implementation>			<component-adapter class-name-key="cbrcp.component.frame.FrameComponent" class="cbrcp.component.frame.FrameComponentImpl" factory="CBRCPFactory">			<parameter key="cbrcp.component.menubar.MenuBarComponent">				<class>cbrcp.component.menubar.MenuBarComponentImpl</class>			</parameter>			<parameter key="cbrcp.component.toolbar.ToolBarComponent">				<class>cbrcp.component.toolbar.ToolBarComponentImpl</class>			</parameter>			<parameter key="cbrcp.component.statusbar.StatusBarComponent">				<class>cbrcp.component.statusbar.StatusBarComponentImpl</class>			</parameter>			<parameter key="cbrcp.component.action.ActionHandlerManagerComponent">				<class>cbrcp.component.action.ActionHandlerManagerComponentImpl</class>			</parameter>			<parameter>				<string>./component-config/frame-component.properties</string>			</parameter>		</component-adapter>				<component-adapter class-name-key="cbrcp.component.action.ActionHandlerManagerComponent" class="cbrcp.component.action.ActionHandlerManagerComponentImpl" factory="CBRCPFactory">			<parameter key="cbrcp.component.frame.FrameComponent">				<class>cbrcp.component.frame.FrameComponentImpl</class>			</parameter>			<parameter key="cbrcp.component.menubar.MenuBarComponent">				<class>cbrcp.component.menubar.MenuBarComponentImpl</class>			</parameter>			<parameter key="cbrcp.component.toolbar.ToolBarComponent">				<class>cbrcp.component.toolbar.ToolBarComponentImpl</class>			</parameter>			<parameter>				<string>./component-config/action-component.properties</string>			</parameter>		</component-adapter>			<component-adapter class-name-key="cbrcp.component.config.ConfigComponent" class="cbrcp.component.config.ConfigComponentImpl" factory="CBRCPFactory">			<parameter key="cbrcp.component.frame.FrameComponent">				<class>cbrcp.component.frame.FrameComponentImpl</class>			</parameter>			<parameter key="cbrcp.component.action.ActionHandlerManagerComponent">				<class>cbrcp.component.action.ActionHandlerManagerComponentImpl</class>			</parameter>					<parameter>				<string>./component-config/config-component.properties</string>			</parameter>		</component-adapter>	</container></container>